Jim Kwik;Superbrain;https://omnama.it/superbrain
MoneySurfers;SurfingTheBricks;https://www.moneysurfers.com/investment-immobiliare-c11.php
Marco Doni;SurfingTheOptions;https://www.moneysurfers.com/surfingtheoptions-c9.php
MoneySurfers;SurfingThePips;https://www.moneysurfers.com/trading-sul-forex-stp-c8.php
Liberi dal Lavoro;Tasse VS BitCoin;https://www.liberidalavoro.it/public/course/118/
TaxLien Italia;Tax Liens Certificates ;https://taxlienitalia.com/tax-liens-silver-pack/
Alberto Frisoni ;The Online Networker;https://frisoninside.net/onet-the-online-networker1585394994861
Gianluca Bersano;The Wolf Of Business;http://thewolfofbusiness.com/
Marketers;TikTok Pro;https://tiktokpro.net/
Giulio Pasquini;Trader con StrategyQuant di Sapienza Finanziaria;https://www.sapienzafinanziaria.com/corsi-di-formazione/
Sapienza Finanziaria;Trader in 30 Giorni;https://www.sapienzafinanziaria.com/corsi-di-formazione/
Mik Cosentino;Traffic Supremacy Certification;https://www.offertaindecente.net/rivelazione
Mik Cosentino;Super Selling Certification;https://www.offertaindecente.net/rivelazione
Marcello Ascani;TUBE MASTERY;https://tubemastery.it/corso?hop=reald76
Tyie;Audiobook Publishing Hacks;https://www.selfpublishinghacks.it/
Dan Kennedy;Universita dei Milionari italiano;https://www.protocollokennedy.com/
Sam Ovens;Uplevel Consulting;https://www.consulting.com/uplevel-consulting
Giorgian Putanu;Vendita Automatica;https://www.venditaautomatica.online/
Marco Lutzu;Video Virus;https://drlutz.com/
Paolo Serafini ;Volume Profile;https://volumeprofile.net/
Roberto Re;Master Speaker;https://robertore.com/lp/corsi/master-speaker/master-speaker-offerta/
Ludovico Chianchetta;Room Academy;https://www.roomacademy.it/sales-page1610799216315
Ludovico Chianchetta;Points Academy;https://points-academy.com/entra-in-points-academy1614774776942
Mik Cosentino;Infomarketing X La Resistencia ﾖ LIVE 2020;https://www.laresistenciax.com/secret-live-secret
Mik Cosentino;Codice Di Lancio;https://www.codicedilancio.com/sales-cdl
Riccardo Picotti;Kaff� Con HeyRiccardo;https://kaffeconheyriccardo.com/
Francesca Rizzo;Corso Accadetici;https://violaconsultingsrl.clickfunnels.com/i-nostri-prodotti1601623854882
Big Luca;Fieno In Cascina;https://www.fienoincascina.com/info
Gio Di Lorenzo;CARPE NIGHT;https://www.seduzioneattrazione.com/op/carpe-night-sp/
Roberto Angeli;PROJECT ONE MILLION;https://www.projectonemillion.academy/
Christian Messinese;The SMMA System Next Level Agency;https://thesmmasystem.com/benvenuto43834065
Thomas Macorig;Smart Selling Revolution;https://smartsellingrevolution.com/
Saverio Berlinzani;Forex University;https://forexuniversity.it/
Marco Cappelli;Dropshipping Digitale 2.0;https://dropshipping-digitale.mykajabi.com/store
Frank Merenda; Mastersell; https://frankmerenda.com/corsi/
Nicholas Bianconi;MBAcademy DIETRO I BONUS;https://nicholas-bianconi.teachable.com/p/mbacademy-dietro-i-bonus
Andrea Marchetti;Next Level Web DEV;https://marchettidesignshop.com/prodotto/next-level-web-dev/
ELVIS BUDAU;Ecommerce Virtuoso;https://www.elvisco.net/home1621143487434
Matteo Pittaluga;Corso Globo Affiliate Academy;https://besupergenius.com/courses/mg-affiliate-marketing/
Ready To Forex ;Academy Del Forex 2020;https://fun.readytoforex.com/preiscrizione-academy
Alphaempirefx;ALPHA EMPIRE FX;https://www.alphaempirefx.com/
Alessandro Arnao;Ingramx10;https://www.ingram10x.com/
Luca Valori;Millennium Private Project;https://millenniumprivateproject.com/
Luca Valori;Digital download Bootcamp;https://ecomhacks2-0.com/digitaldownloads-bootcamp
Alberto Frisoni;Duplication Operating System;https://frisoninside.net/dos-duplication-operating-system1585239141150
Marco Vitrò;Trader Formula Vincente;https://rmtopmarketing.clickfunnels.com/carrello1588801824
Arduino Schenato;Follow The Winner;https://www.hereforex.com/
Alfio Bardolla;Wake Up Call 2021;https://go.alfiobardolla.com/wake-up-call-livestream/
Mik Cosentino; Infomarketing X La Resistencia; https://www.infomarketingx.com/res-live-soldout
Lorenzo Stefanetti;Agency Automation;https://agency-automation.com/sales-page1610441097393
Thomas Macorig; Dropsending Blueprint; https://dropsendingblueprint.com/salesdropsending
Fabrizio Guarnieri; Strategie intraday; https://diarioditrading.it/
Giorgio Pecorari; GPInvest Academy; https://www.gpinvest.it/academy/
Roberto Re; Master Speaker; https://robertore.com/prodotto/master-speaker/
Luigi Minaudo; Marketing Pizza; https://www.eyelux.eu/
Luca Giusti; Trading Automatico; https://www.qtlab.it/p/trading-automatico
Filippo Ongaro; Elite Lifestyle; https://www.metodo-ongaro.com/cosa-facciamo
Investire.biz; Investire nel Bitcoin; https://investire.biz/corsi/investire-nel-bitcoin
Investire.biz; La fisica applicata alla borsa; https://investire.biz/corsi/la-fisica-applica-alla-borsa
Officina Del Successo; KINO Escalation; https://www.officinadelsuccesso.com/downloads/kino-escalation-come-eccitare-la-ragazza-fin-da-subito-e-senza-compromessi/
Emilio Lodigiani; Crea il tuo eCommerce con Shopify; https://corsi.strategia-ecommerce.it/courses/crea-il-tuo-negozio-con-shopify
Officina del successo; CHAT GAME il metodo di Zema; https://www.officinadelsuccesso.com/downloads/chat-game-il-metodo-di-zema/
Officina del successo; Come avere due donne nel tuo letto; https://www.officinadelsuccesso.com/downloads/ffm-come-avere-due-donne-nel-tuo-letto/
Officina del successo; Come rimorchiare nei circoli sociali; https://www.officinadelsuccesso.com/downloads/webinar-come-rimorchiare-nei-circoli-sociali/
Andrea Esposito; Codice Fibonacci; https://sistemaforex.com/codice-fibonacci-studenti/
Frank Merenda; I Maghi del Marketing; https://imaghidelmarketing.com/
Frank Merenda; The Secret Box; https://frankmerenda.com/
Frank Merenda; Titans; https://frankmerenda.com/
Alpha Empire Fx; ALPHA EMPIRE FX; https://www.alphaempirefx.com/
Simone Di Sabato; Trading Sportivo Bidirezionale; http://www.tradingsportivobidirezionale.it/corsi/
Frank Merenda; Venditore Vincente 2018; https://frankmerenda.com/
POWER CBO; Metodo Factory; https://powercbo.com/
Ready To Forex; Academy Del Forex 2020; https://fun.readytoforex.com/preiscrizione-academy
Andrea Carosi; Academy Del Forex 2020; https://fun.readytoforex.com/preiscrizione-academy
William Gutierrez; Vivi di Rendita; https://www.williamgutierrez.it/salespagesublocazioni
Andrea Unger; Trading Systems Evaluation; https://ungeracademy.com/it/one-year-target
Gio di Lorenzo; Sex Mind; https://go.diodelsesso.net/sex-mind-sp/
Andrea Monti; Corso Opzioni; http://fare-trading.it/monti.html
Elisa Cipriani; Semplicemente WordPress; https://go.networkerdigitale.com/semplicemente-wordpress/
Daniele D’Ausilio; Tubo Traffico Esplosivo; https://webmarketingsolution.net/
Christian Sannino; Affiliate 10x; https://www.affiliate10x.com/optin-464229771612392751063
Elvisco; Ecommerce Virtuoso; https://ecomvirtuoso.com/
alessandro vignolo; active campaign; https://mailinglistitalia.it/active-campaign-full-training-2/
ben barker; BsappsFX; https://bsappsfx.com/join-us/
Daniele D’Ausilio ; Ecommerce Veloce; https://webmarketingsolution.net/areasicura/
moneysurfers ; Surfingtheart Investi in arte; https://www.moneysurfers.com/investimento-in-arte-c7.php
Frank Merenda ; Vendere ghiaccio agli eschimesi ; https://ghiaccioaglieschimesi.com/
Lorenzo Angelini ; IngleseFast; https://inglesefast.com/scegli-il-tuo-corso/
Marco Montemagno; Instagram PlayBook; https://club.marcomontemagno.it/slashers/
IManager ; Master Video Academy ; https://imanagergroup.com/master-video-academy/
Frank Merenda; il paccone delle meraviglie; https://pacconedellemeraviglie.com/
roberto carotenuto ; self publishing lounge academy; https://www.selfpublishingloungeacademy.com/sales-page29621114
andrea acconcia ; risveglio ; https://app.andreaacconcia.it/risveglio
luca datteo ; duplicazione digitale ; https://go.networkerdigitale.com/duplicazione-digitale/
elisa cipriani ; duplicazione digitale ; https://go.networkerdigitale.com/duplicazione-digitale/
Monica Penna; masterclass impara linglese con monica; https://theenglishacademy.mykajabi.com/store/mXtzLnAB
fabio gallerani; social media manager smm; https://besupergenius.com/smm/
grafigata ; logo hero; https://www.grafigata.com/logo-hero-corso
samuel ferrari; dropshipping keys; https://www.dropshippingkeys.com/
anton antonio; best seduction game; https://www.officinadelsuccesso.com/downloads/best-seduction-game-2/
Stefano Mongardi ; ProfitPack; https://stefanomongardi.com/47
Roberto Cere ; Comunicazione persuasiva; https://www.leadershipacademymicap.com/
David Adriani ; Photography Warrior ; https://www.diventaunfotografo.com/pwcc/
Mirko Sabia; Business Box Italia; https://www.bboxitalia.com/home
Marcello Marchese ; Power copy; https://corsi.marcellomarchese.it/s/power-copy/
Roberto Verde; LinkedIn Hero; https://libro.linkedhero.io/
Peppe Quartulli; Majin Copy; https://www.zmarketingworld.it/majincopy-sales-page/#lg-kh99e6no
Andrea Carosi ; Corso scalping; http://www.readytoforex.com/videocorso-forex-scalping-non-direzionale
Luca Giusti ; Trading Automatico ; https://www.qtlab.it/p/trading-automatico
Amato Sabatini ; Multipla Garantita; https://supervantaggio.com/l/multipla-garantita/
Money Surfers ; Surfing The Amazon; https://www.moneysurfers.com/surfingtheamazon-c25.php
Max Vellucci ; mentalista ; http://www.maxvellucci.it/mentalista/
Roberto Cere ; Diventare Coach ; https://www.micap.academy/
Francesco Gentile ; Academy Silver ; https://francesco-gentile.it/iscriviti/
Andrea Unger ; Portfolio secrets ; https://tse.ungeracademy.it/auto-webinar-registration-1622057421225353
Stefano Santori ; PNL PRACTITIONER ; https://stefanosantori.training/practitioner-pnl/
Christian Messinese; Smma System; https://thesmmasystem.com/
Francesco Gentile; Academy Gold ; https://francesco-gentile.it/iscriviti-livellogold-paginadordine/
Agata Gimmillaro; Trading Wave; https://www.brunomoltrasio.eu/la-svolta-nel-mio-treding-di-agata-gimmillaro/
Filippo Ongaro ; Elite Lifestyle ; https://www.metodo-ongaro.com/cosa-facciamo
Filippo Ongaro ; Nutrizione Potenziativa ; https://www.metodo-ongaro.com/video-corso-nutrizione-potenziativa-2021
Money surfers ; Yoga Finanziario ; https://www.moneysurfers.com/introduzione-yoga-finanziario-c6.php
Francesco Gentile; Academy VIP; https://francesco-gentile.it/iscriviti/
Adsvengers; Mastermind; https://powercbo.com/
Robin SHARMA;Eroe Genio Leggenda;https://www.mindvalley.com/hero-genius-legend/
Ottavio Alvarez ; Sales good ; https://www.alvarezsrl.it/
Roberto Cere ; Strategie per Vincere ; https://www.strategiepervincere.com/
Alessandro De Concini ; Sistema ADC ; https://www.alessandrodeconcini.com/sistema-adc
Gio Di Lorenzo ; Carpe Night ; https://www.seduzioneattrazione.com/op/carpe-night-sp/
Robin Sharma ; Eroe Genio Leggenda ; https://www.mindvalley.com/it/genius
Stefano Montana ; Facebook Ads Marketing ; https://montanabusinessonline.com/stefanomontanacorsi/montana-facebook-ads-mastery/
Filippo Ongaro ; Impara a meditare ; https://www.metodo-ongaro.com/video-corso-impara-a-meditare-new
Liberi dal Lavoro ; Thermo Trading ; https://www.liberidalavoro.it/public/course/99/?ref=5073
Filippo Pagani ; Testosterone da Spartano ; https://www.testosteronedaspartano.com/
Filippo Ongaro ; Albero della vita; https://www.metodo-ongaro.com/
Lorenzo Giustarini ; Instagram Marketing ; https://lorenzogiustarini.net/
Roberto Cere ; Riparto da zero ; https://www.ripartodazero.com/
Stefano D'ambrosio ; Prendo il controllo ; https://prendoilcontrollo.com/
Filippo Ongaro ; Supera la fatica ; https://www.metodo-ongaro.com/video-corso-supera-la-fatica-2021
Filippo Ongaro ; Avvia il cambiamento; https://www.metodo-ongaro.com/video-corso-avvia-il-cambiamento-new
Builderall Italia Academy ; Builderall ; https://digitalbuildersitalia.com/
Filippo Pagani ; Definizione da Spartano ; https://definizionedaspartano.com/
Roberto Re ; The Leadership Factor ; https://robertore.com/video-corsi/
Metodo Universitario ; I 5 pilastri della memoria ; https://corsi.metodouniversitario.it/p/i-5-pilastri-della-memoria11
MATTIA SPANGHERO ; Crypto Trading Mastery ; https://www.criptohub.it/course/crypto-trading-mastery/#
Marco Venturini ; Tecniche di Vendita Moderne ; https://www.marcoventurini.org/videocorso-tecniche-di-vendita-moderne/
Ermes Giordani ; Il Sistema Marketing Automatico ; https://marketingautomatico.it/
Luca La Mesa ; Social Media Training ; https://lucalamesa.mykajabi.com/social-media-training-di-luca-la-mesa-multi-stagione-2021-1
Carlos Calcada Bastos ; Università Della Vita ; http://ccbastos.com/
Ready To Forex ; Academy Del Forex  ; https://fun.readytoforex.com/preiscrizione-academy
Dantalion Jones ; Controllo mentale ; https://www.ilgiardinodeilibri.it/audio/__controllo-mentale-dantalion-jones.php
Filippo Ongaro ; Costruisci il tuo corpo ; https://www.metodo-ongaro.com/video-corso-costruisci-il-tuo-corpo-2021
Andrea Carosi ; Corso sui Segnali Divergenti ; https://www.andreacarosintour.com/divergenze
Andrea Carosi ; Jumping On The Waves; http://www.readytoforex.com/continuano-i-test-sulla-strategia-jumping-on-the-waves
Officina Del Successo ; The Hurricane ; https://www.officinadelsuccesso.com/downloads/the-hurricane/
Dantalion Jones ; Lettura del pensiero ; https://www.ilgiardinodeilibri.it/audio/__lettura-del-pensiero.php
Giacomo Bruno ; PNL Videocorso ;https://www.ilgiardinodeilibri.it/dvd-video/__pnl_videocorso.php
MoneySurfers;Ethical Spread;https://www.moneysurfers.com/ethical-spread-c64.php
Alessandro Berton;start by selling;https://www.startbyselling.com/
Big Luca;Rana Nera Club;https://www.rananera.com/
Metodo universitario;Lingua facile;https://corsi.metodouniversitario.it/p/metodo-universitario-3-01
approcciala.it;Conversazione per principianti;https://live.approcciala.it/conversazione-per-principianti/
tradingeborsapertutti.com;Online Trading Base  Forex  Futures e CFD;https://tradingeborsapertutti.com/producto/corso-online-di-trading-base-forex-e-futures/
Autocrescita.com;Autoinglese;https://autocrescita.com/autocorsi/
affiliateblacksystem.info;Affiliate black System;https://affiliateblacksystem.info
Alessandro De Concini;Mnemonica;https://www.artediricordare.it/mnemonica-guarda-il-webinar-gratuito
Alessandro Zamboni;Low Content Profit;https://alessandrozamboni.clickfunnels.com/lowcontentprofit
Alessandro Zamboni;Shopify Facile;https://alessandrozamboni.it/shopifacile
Stefano Pisoni; Linkedin Advanced;https://stefanopisoni.net/linkedinadvanced/
Vittorio Barbano;Low Content Publishing System;https://il-tuo-publishing-business.teachable.com/p/lowcontentpublishingsystem
Big Luca;A TUBO DURO  ;https://www.atuboduro.com/salestubo131232
Silvio Romito;Social media marketing per fighi;https://supersmma.com/webinar-video1599004144637
Giancarlo Dall Aglio;SPREAD COMMODITIES;https://tradingmediacompany.com/commodity-spread-trading-temp/
Riccardo Picotti;Il distillato del dropshipper;https://thebibleofdropshipping.com/riccardo-picotti
Gio Di Lorenzo;Matrix;https://www.seduzioneattrazione.com/op/matrix-sp/
Gio Di Lorenzo;CARPE DIEM ;https://www.seduzioneattrazione.com/presentazione-prodotti/
Riccardo Avenali;THE ONLINE VIDEOMAKER;https://riccardoavenali.com/
Nicola Domini;Mentalita Milionaria;https://mindset.nicoladomini.com/
GIANCARLO BARBARISI;Finanziamento No Problem;https://www.finanziamentonoproblem.com/
Egon & Mitch;FBA Evolution;https://evolutionzon.com/sales-page
Luca Verzeni;Lancio Sociale Amazon FBA;https://luca-verzeni-business-school.teachable.com/p/lancio-sociale-amazon-fba
Frank Merenda;Business BluePrint;https://corsobusinessblueprint.com/
MoneySurfers;Ethical Forex;https://www.moneysurfers.com/ethical-forex-c58.php
Giorgian Putanu;Generatore di clienti automatico;https://www.venditaautomatica.online/6pgeneratore
Thomas Macorig;Step By Step Success;https://successostepbystep.com/sales-page1599692363571
Marco Cappelli;Dropshipping Digitale;https://dropshipping-digitale.mykajabi.com/
Giuseppe Gatti;VIDEOCOMETA;https://www.specchiodinamica.it/videocometa#acquisto
Lenovys;Lenovys Smart Academy & Lean Lifestyle;https://www.lenovys.com/lean-lifestyle-leadership/
Alfio Bardolla;Forex Trading Masterclass;https://go.alfiobardolla.com/forex-trading/masterclass/thank-you/guarda-ora/
Frank Merenda;The Machine;https://corsothemachine.com/
Giacomo Freddi;Masterclass del Marketing Programmatico;https://www.giacomofreddi.it/prodotti
Sapienza Finanziaria;Autotrading Evolution;https://www.sapienzafinanziaria.com/areariservata/signup/mBIPLh2dy
Frank Merenda;Marketing Merenda 2020;https://corsomarketingmerenda.com/
Officina Del Successo;Sesso: Tutto ci� che (OnlyOne);https://www.officinadelsuccesso.com/downloads/sesso-tutto-cio-che-devi-sapere-ma-che-nessuno-ti-ha-mai-insegnato/
Officina Del Successo;Approccio Perfetto 2.0;https://www.officinadelsuccesso.com/downloads/approccio-perfetto-2-0/
Luca Giusti;Short Strangle Advanced;https://www.qtlab.it/p/short-strangle-advanced/
DannyZ;Neurobooster;https://www.neurobooster.net/pagina-ordine/
Sistema Forex;L'Algoritmo dei 4 Pilastri;https://sistemaforex.com/algoritmo/
Sistema Forex;Codice Fibonacci;https://sistemaforex.com/codice-fibonacci/
Sistema Forex;Spike Scalping;https://sistemaforex.com/spike%20scalping/
Gennaro Romagnoli;Inner Game;https://www.seduzioneattrazione.com/op/inner-game-sp/
Riccardo Picotti; The Bible of Winning Product;https://thebibleofdropshipping.com/riccardo-picotti
Fabry Forex;I Cicli nel Forex;https://www.fabryforex.com/?q=corso-cicli-forex
Gio Di Lorenzo;Tecniche di Seduzione Avanzate;https://www.seduzioneattrazione.com/op/tsa-sp/
Riccardo Picotti; The Bible of Mindset;https://thebibleofdropshipping.com/riccardo-picotti
Gio Di Lorenzo;Inside Her Mind;https://www.seduzioneattrazione.com/op/inside-her-mind-sp/
David Brownlee;Clienti Rockstar;https://besupergenius.com/corso-clienti-rockstar/
Francesco Testa;Digital Accelerator Pro;https://digitalacceleratorpro.com/
Serghey Magala;ForEx 2.0 Avanzato + Forex Le Basi;https://tradingduepuntozero.com/
Gabriele Bellelli;Diventare Un investitore Di Successo;http://www.bellelli.biz/formazione/5637-diventare-un-investitore-di-successo
Giangiacomo Cristanelli; Network Marketing a Crescita Continua;https://www.corsi.it/corso/network-marketing-a-crescita-continua
Alessandro del Saggio;Trading Master Class;https://investhero.it/landing-masterclass-sales/
Ludovico Chianchetta;BNB REVOLUTION;https://www.bnbrev.com/sales-page
strategiaforex.com;Luca Bardolla Trading Pack (2 corsi + Bonus Webclass Lettura Opzioni);https://www.strategiaforex.com/amember/signup
Agata Gimmillaro;Master Elliott Trading di Agata Gimmillaro;https://culturafinanziaria.thrivecart.com/elliott-master-intraday/
Metodo universitario;Metodo di Studio Giurisprudenza Facile;https://www.giurisprudenzafacile.it/metodo-di-studio-giurisprudenza-facile/
Alessio Stortini;EYELUX Marketing & Business PACK;https://www.eyelux.eu/
Luca Valori;Ecomhacks2.0 Copy Bootcamp;https://ecomhacks2-0.com/copybootcamp
Syrus Fx Academy;DIAMANTE 2.0 ;https://www.syrusfxacademy.com/product/il-diamante-membership-2-0/
Francesco Facchinetti;NotIndigram;https://socialformula.creators.academy/notindiagram/
Tyie;Fiction Publishing Hacks;https://www.fictionpublishinghacks.it/#corso
Alessandro Arnao;Keyword Hacking System;https://accademiadelselfpublishing.clickfunnels.com/launch-page-11594835587959
Roberto Cer�;Finalmente Libero;https://www.finalmentelibero.com/?r_done=1
Luca di Approcciala;Dall'approccio al sesso;https://live.approcciala.it/approccio-sesso/
Matteo Malvino;Metodo Microbrand;https://corsi.mybrandlab.io/metodo-microbrand
Tindaro Battaglia;Copybook;https://www.tindarobattaglia.com/
Alessandro Sportelli;Web Marketing per Imprenditori;https://www.corsowmi.it/
Giorgio Tavazza;Avanguardia Service Agency;https://avanguardia-online-business.teachable.com/p/avanguardia-service-agency/?utm_source=student_mailer&utm_medium=email&utm_campaign=purchase_notification_with_tax_details
Dario Vignali;Video Mastery;https://wearemarketers.net/videomastery
Fabrizio Di Benedetto;Trader Academy;https://online.investo24.it/trader-academy
Giacomo Bruno;Master Lettura Veloce 10X;https://www.letturaveloce.net/master10x/
Alfio Bardolla;Master Online in Cripto-Trading;https://go.alfiobardolla.com/cripto-trading/masterclass/sales-page/
Marco Postiglione;MASTERBIUTOP Base / Master 2019;https://biutop.com/masterbiutoponline2020/
Luca Giusti;Equity Control e Rotazione delle Strategie in Portafoglio;https://www.qtlab.ch/index.php/corsi-in-partenza1/57-equity-control-e-rotazione
Luca Giusti;FX Trading Systems ;https://www.qtlab.it/p/fx-trading-systems
Paolo Serafini ;Manuale del Trader Idiota;https://www.topborsa.com/prodotto/manuale-del-trader-idiota-parte-1/
Fratelli Chinellato;Accademia del Rinascimento;https://accademia-del-rinascimento.teachable.com/p/salespage
Jessica Malfatto;Digital PR e Media Relations;https://www.jessicamalfatto.it/
Roberto La Bella ;MQL4 Programming;https://www.besttradingidea.com/programmazione-mql4/
Luca e Nicol�;Networker Onnipresente;https://go.bdcfunnels.com/networker-onnipresente?r_done=1
Giovanni Grillo;Vincere nell Arte;https://vincerenellarte.it/corso-chiuso/
Business Box Italia;Business Box Yantra;https://bbitalia.teachable.com/p/bbyantra
Luca Valori;Digital download Bootcamp;https://ecomhacks2-0.com/digitaldownloads-bootcamp
Stefano Mongardi;Ecommerce Hero;https://www.ecommercehero.it/ecommerce-hero-sales
Thomas Macorig;Dropshipping Revolution;https://droprevolution.it/
Thomas Macorig;MILLIONAIRE ECOM PROJECT;https://millionaireecomproject.com/sales
Thomas Macorig;The Ecommerce Cashflow Secrets;https://www.thomasmacorigconsulting.com/
Thomas Macorig;Selling Manipulation;https://sellingmanipulation.com/1
Thomas Macorig;Dropshipping Starter Pack;https://www.thomasmacorigconsulting.com/
Thomas Macorig;Dropshipping Masterclass;https://dropmasterclass.com/dropshipping-masterclass1593673094554
Alessandro Di Bartolo;Masterclass: Investire Nei Mercati Azionari;https://alessandro-di-bartolo.mykajabi.com/offers/h34HC8Pq/checkout
Riccardo Picotti;The secret of private labeling;https://thesecretofprivatelabeling.com/landing-page
Riccardo Picotti;The Bible of Copywriting;https://thebibleofdropshipping.com/
Riccardo Picotti;The Bible of Dropshipping;https://thebibleofdropshipping.com/riccardo-picotti
Alfio Bardolla;Master Online in Marketing Formativo;https://go.alfiobardolla.com/marketing-formativo/masterclass/sales-page/
Alfio Bardolla;Wake Up Call 2019;https://go.alfiobardolla.com/wake-up-call-livestream/
Alfio Bardolla;Investire in immobili;https://www.alfiobardolla.com/
Alfio Bardolla;Master Online in Commodity Spread Trading;https://go.alfiobardolla.com/ar/master-online/commodity-spread-trading/
Alfio Bardolla;One Million Target;https://www.alfiobardolla.com/prodotti/
Giorgio Tavazza;Avanguardia Retail;https://avanguardia-amazon-fba-20.teachable.com/p/avanguardia-retail
Manuel Sanchez; 1 Anno 6 Cifre;https://www.kobrapremium.com/1-anno-6-cifre-landing
Moreno Raffaelli;9000ABCD ;https://formazione.concorsando.it/p/9000abcd
 MisterX;Affiliate Marketing Black;affiliateblacksystem.info
Matteo Pittaluga;ALL IN 2019;https://besupergenius.com/corso-mg-all-in/
Fabio Gallerani e Matteo Pittaluga;Universitario di  Digital Marketing;https://matteopittaluga.com/
Matteo Pittaluga;Affiliate in White;https://besupergenius.com/affiliate-in-white/
Matteo Pittaluga;Marketing Genius;https://besupergenius.com/corso-mg-all-in/
Matteo Pittaluga;Metapreneur;https://besupergenius.com/metap/
matteo pittaluga;SOCIAL MEDIA MANAGER;https://besupergenius.com/smm/
Andrea Leonardi ;AMAZON CHIAVI IN MANO;https://amzchiaviinmano.com/sales-page_
Simone Reali;Amazon FBAgency;https://businessdacasa.com/amazon-fbagency-simone-reali-rendita-automatica-rischio-zero/
Simone Reali;Lean Sales Amazon FBA;https://leansalesamz.teachable.com/p/fbaacademyversionecompleta
Frank Merenda;Blog Vendita;https://corso.blogvendita.com/
Frank Merenda;Brand Vendita;https://brandvendita.com/
Frank Merenda;Circolo degli Imprenditori  Platinum Edition;https://circolodeglimprenditoriplatinum.com/
Frank Merenda;Clienti Kit;https://clientikit.com/
Frank Merenda;Copy Vendita;http://www.copyvendita.com/corso-copyvendita/
Frank Merenda;Mettili a Sedere;https://mettiliasedere.com/mettili-a-sedere-test-esdp/
Frank Merenda; Circolo degli Imprenditori (Gold Edition);https://circolodeglimprenditori.com/
Frank Merenda;Copy Colors 2017;https://copycolors.com/copy-colors-2017/
Frank Merenda;Magic Marketing 2019;https://frankmerenda.com/corsi/
Frank Merenda;Marketing Merenda 2018 Ritorno dell Imprenditore;https://marketingmerenda.com/
Frank Merenda;Marketing Merenda 2019 Super Merenda Land ;https://corsomarketingmerenda.com/
Frank Merenda;Spremere i Limoni;https://spremereilimoni.com/
Frank Merenda;Superman Vendita;https://supermanvendita.com/
Frank Merenda;Vendere con le PR ;https://frankmerenda.com/
Frank Merenda;Venditore Vincente;https://venditorevincente.com/
Frank Merenda;Ritorno al Futuro;https://venditorevincente.com/
Frank Merenda;Game of Frank;https://venditorevincente.com/
Tindaro Battaglia;EASY AFFILIATE;https://www.tindarobattaglia.com/
Tindaro Battaglia;Metodo C;https://www.tindarobattaglia.com/metodoc/
Tindaro Battaglia;SEOBOOK;https://www.tindarobattaglia.com/seobook
Marco Casario;Investire in Azioni;https://the10mintrader.com/p/investire-in-azioni-creare-un-portafoglio-di-lungo-termine
Marco Casario;Investire sulle Criptovalute;https://the10mintrader.com/p/corso-criptovalute-2018
Marco Casario;The 10Min Trader ;https://www.marcocasario.com/the10mintrader
Luigi Tech;Bitcoin criptovalute sicurezza e privacy;https://bitcoin-criptovalute-sicurezza-e-privacy.grigio.org/author/luigi/
Cecilia Sardeo;Biz Academy;https://biz-academy.it/acquista/
Ludovico Cianchetta ;BNB REVOLUTION ;https://www.bnbrev.com/sales-page
Ludovico Cianchetta ;Book Academy;https://www.bookacademy.it
Marco De Veglia;Brand Facile;https://brandfacile.com/
Dario Vignali;Business Genetics;https://www.getbusinessgenetics.com/
Charlie Houpert;Carisma University;https://join.carismauniversity.com/sales-page34494349
Giovanni di Lorenzo;CARPE NIGHT;https://www.seduzioneattrazione.com/op/carpe-night-sp/
Massimo Mareghetti ;CODICE MAXX;https://www.codicemaxx.com/videocorso-codice-maxx1585599527885
investire.biz;Corso Completo di Scalping;https://investire.biz/corsi/corso-completo-di-scalping
Marcello Ascani;Corso completo di Trading Online ;https://investire.biz/corsi/corso-di-trading-con-marcello-ascani
Riccardo Zago;Corso Completo Ichimoku & PriceAction;https://investire.biz/corsi/corso-completo-ichimoku-priceaction
Piernicola De Maria ;Corso Copy;https://www.corsocopy.com/free/
Andrea Unger;CRACKING VOLATILITY;https://learn.ungeracademy.com/courses/cracking-volatility-2/
Andrea Unger;Mastering Position Sizing;https://brainlearns.com/courses/andrea-unger-mastering-position-sizing/
Andrea Unger;Master The Code & Go Live ;https://www.ibs.it/master-the-code-go-live-libro-andrea-unger/e/9788885784147
Andrea Unger;Trading System Evaluation;https://tse.ungeracademy.it/expiredbundle2
Andrea Unger;Trading Systems Supremacy;https://tss.ungeracademy.it/expiredtss
Andrea Giuliodori;Crea Tempo;https://tempo.efficacemente.com/corso-crea-tempo
Roberto Barbaro;Da 0 a Day Trader;https://www.segnaliditrading.net/it/corso-di-day-trading/
Piernicola De Maria ;Delega Facile per lo Staff;https://delegafacile.com/
Luca Giusti;Do You Speak Easy Language;https://www.qtlab.ch/index.php/corsi-in-partenza1/3
Francesco Riviera;Drop Dna;https://dropdna.it/get-drop-dna-limited/
Ignazio Munzu;Easy Keyword Research;https://corsi.ignaziomunzu.com/easykeywordresearch
Kevin Zhang;Ecommerce Millionaire Mastery;https://www.ecommillionairemastery.com/landing-page36474286
Piernicola De Maria ;Email Marketing Facile;https://emailmarketingfacile.com/
Gennaro Romagnoli;Emotional Freedom;https://online.sviluppopersonalescientifico.com/emozioni-sp/
Gianluca Massini Rosati;Escapologia Fiscale;https://www.escapologia-fiscale.com/
Dario Vignali;Facebook Advanced;https://fbadvanced.net/facebook-advanced
Ninja Marketing;Facebook Pro;https://www.ninjacademy.it/corso-facebook-marketing-online/
Antonio Panico;Fatturati da Panico ;https://antonioc67f4d.clickfunnels.com/fatturati-da-panico-opened
Luca Taglialatela;Flag Strategy;https://www.flagstrategy.com/corso
Filippo Diamantini;Freedom Masterclass;https://freedomasterclass.mykajabi.com/
Ninjacademy ;Growth Hacking & Performance Marketing;https://www.ninjacademy.it/corso-growth-hacking-marketing-online/
Andrea Maurizio Gilardoni;Guadagnare con le case;https://www.andreamauriziogilardoni.it/corso/guadagnare-con-le-case-21/
Piernicola De Maria ;Imprenditore autore;https://imprenditoreautore.com/il-primo-capitolo/
Big Luca;InfoMarketing per Babbuini;https://www.infomarketingperbabbuini.com/
Dario Vignali;Instagram on Fire;https://instaonfire.com/benvenuto
Giacomo Freddi;Internet Business Strategico;https://funnel.internetbusinesscafe.it/dzkknmfa
ioinvesto ; Investitore Consapevole;https://www.ioinvesto.com/it/investitore-consapevole/
Luca Giusti;ITS IntraDay Trading System;https://www.qtlab.ch/index.php?option=com_content&view=article&id=40&itemid=99
Martina De Nardi;LinkedIn Ads Pro;https://martinadenardi.it/a-scuola-di-inbound/linkedin-ads-pro/
Grafigata;Logo Hero;https://www.grafigata.com/logo-hero-corso
Matteo Rivolta;Luxury Masterclass;https://www.masterclassmatteorivolta.com/luxurymasterclass
trading-research.com;MARKET KNOWLEDGE;https://www.trading-research.com/it/2-sito-web/57-market-knowledge-1.html
Luca Lixi;Massima Rendita;https://www.massimarendita.com/accedi
Ninja Marketing;Master in Digital Marketing;https://www.ninjacademy.it/corso/master-digital-marketing/
Nicholas Bianconi;Matched Betting Revolution;https://nicholas-bianconi.teachable.com/p/matched-betting-revolution-2
DANIELE DI BENEDETTI ;Mentalita Vincente;https://danieledibenedetti.mykajabi.com/offers/WiczDmLt/checkout
Elena Sunjust;Mente da Trader;https://www.mentedatrader.vitadatrader.info/
Nicola Domini;Metodo Domini;https://nicoladomini.com/courses/metodo-domini/
Stefano Montana;Montana Dropshipping Formula;https://montanabusinessonline.com/stefanomontanacorsi/montana-dropshipping-formula/
Officina Del Successo;Motivazione.Guru;https://www.officinadelsuccesso.com/downloads/motivazione-guru
Nicholas Bianconi;Multi-matched Masterclass;https://nicholas-bianconi.teachable.com/
Stefania Lo Gatto;Networker Milionari;https://www.corsi.it/corso/networker-milionari/
Andrea Marchetti;Next Level Woo PRO;https://marchettidesignshop.com/next-level-woo/
investire.biz;Opportunity 2020: investire ai tempi del CoronaVirus;https://investire.biz/corsi/opportunity-2020-investire-ai-tempi-del-coronavirus
Enrico Fornito;Ottimizzazione Fiscale Sonni Tranquilli;https://ottimizzazionefiscalesonnitranquilli.it/prodotto
Andrea la Rosa;Pacchetto Programmi Calisthenics;https://www.andrealarosa.fit/programs/pacchetto-black-friday/
Serghey Magala;Corso per MQListi;https://sergheymagala.net/corsi-per-mqlisti/
Stefano e Simone Martini;Photoshop facile;https://promo.photoshopfacile.net/corso
Serghey Magala;POLLO ACTION;https://sergheymagala.net/corsi-sulla-pollo-action/
Luca Giusti;Portafogli di Trading Systems;https://www.qtlab.it/p/portafogli-di-trading-systems
ADSVENGERS;POWER CBO;https://powercbo.com/
Mik Cosentino;Presentazione Persuasiva;http://www.presentazionepersuasiva.com/offerta
Roy Reale;PrivacyPRO;https://etherevolution.eu/author/royreale/
investire.biz;Professionista delle Criptovalute;https://investire.biz/corsi/professionista-delle-criptovalute
Italo Pentimalli;Programmazione Subliminale Notturna;https://fun.italopentimalli.com/list-vpa
Alex Strava;Quelli Di Amazon FBA Masterclass;https://quelli-di-amazon-fba.teachable.com/p/quelli-di-amazon-fba-masterclass
Roi Martin; ROI BUNDLE;https://roimartin.com/
Antonio Carnevale ;SamasTrading Masterclas;https://go.samastrading.it/
Lorenzo Stefanetti;Scacco Matto;https://millionaire-media.teachable.com/
Francesco Bellomo ;SCOMMESSA INTELLIGENTE;https://www.officialfrancescobellomo.com/scommessaintelligentesignup
Ayoub Habcy;SEED;https://www.programmaseed.it/seed-by-fruitful-agency
Luca Valori;Smma Lion Circle;https://valoriacademy.mykajabi.com/offers/GeDV6sf6/checkout
diarioditrading.it ;Spread Trading Expert;diarioditrading.it 
Alberto Frisoni ;THE GAME CHANGER;https://frisoninside.net/gc
Lorenzo Campo;The Instacode;https://theinstacode.com/
Luca Giusti;The Options Edge;https://qtlab.teachable.com/p/trading-camp-2019
Stefano Mongardi;TheWebMate Mastermind;https://thewebmate.media/mastermind
trading-research.com ;TRADING MATEMATICO;https://www.trading-research.com/it/corsi/18-corsi/87-trading-matematico.html
Jonathan Giamm� ;Trading Pro Academy;https://www.tradingproacademy.biz/portdash/
Simone Di Sabato;Trading Sportivo Bidirezionale ;http://www.tradingsportivobidirezionale.it/corsi/
Luca Giusti;Trading Systems & Money Management;https://www.qtlab.ch/index.php/corsi-in-partenza1/9-trading-systems-money-management
Andrea di Rocco ;TUTTO SEO;https://www.studiareseo.org/tutto-seo-corso-sos-wp.php
Big Luca;Vendita Telefonica d'Assalto;https://www.venditatelefonicadassalto.com/
Antonio Vida;Vincere su Amazon;https://vinceresuamazon.com/
William Gutierrez ;Vivi di Rendita Sublocazioni;https://williamgutierrez.it/salespagesublocazioni
Big Luca;VTA Expert (Protocollo Cibernetico);https://www.protocollocibernetico.com/free
Massimo Martinini ;Business Architect;https://pilloledibusiness.mykajabi.com/offers/R3cwaYVm/checkout
Marketers;4x Webinar Onair;https://wearemarketers.net/onair/
Alessandro Arnao;Accademia del Self Publishing;https://accademiadelselfpublishing.clickfunnels.com/launch-page-11594835587959
Bigluca;Advanced Consulting / Coaching Boot Camp;https://www.protocollokennedy.com/sales36877660
Gianluigi Ballarani;Affiliate Army;https://affiliatearmy.creators.academy/
Sara Iannone;Affilostart;https://www.affilostart.com/
Cristian Tito ;Amazon FBA Class of 2020;https://amazon-fba-italia.teachable.com/p/amazonfba-class0f2019
Scuola Ecommerce;Amazon Masterclass Italia;https://amzmasterclassitalia.com/
Ignazio Munzu;AMS Advertising Avanzato;https://corsi.ignaziomunzu.com/
Gio Talente;AnonimaVenditori;https://clpc.clickfunnels.com/onetimeoffer
Giorgio Tavazza;Avanguardia FBA;https://avanguardia-amazon-fba-20.teachable.com/p/avanguardia-amazon-fba-2-0
Giorgio Tavazza;Social Media Agency di Giorgio Tavazza;https://avanguardia-online-business.teachable.com/p/avanguardia-service-agency
Gianluigi Ballarani;Billionaire Com Club Master;https://creators.academy/billionaire-com-club/
Filippo Pagani;Biohacking Spartano 2.0;https://biohackingspartano.com/listino/
Ludovico Cianchetta ;BnB Academy;https://bnbacademy.it/
Marcello Marchese;Bundle Persuasivo di Copywriters;https://corsi.marcellomarchese.it/promozione-bundle5corsi/
Andrea Acconcia;Cambia la tua Vita;https://metodouniversitario.teachable.com/p/cambialatuavita3
Gianluca Giannini;CanvaExpert;https://www.canvaexpert.net/optin-36215846
Dario Vignali;CareerAccelerator;http://careeraccelerator.net/ca
Marco Lutzu;Certificopy 2.0;https://drlutz.com/sl-certificopy-q/
Christian Sannino;Affiliate 10x;https://www.affiliate10x.com/webinar10x37270090
Marco Lutzu;Clienti in Scatola;https://www.clientiinscatola.com/
Alfio Bardolla;Come reclutare 20 persone in 30 giorni;https://networkmarketingpro.com/
Sam Ovens;Consulting Accelerator;https://www.consulting.com/sales-accelerator
Dario Vignali;Copymastery;https://wearemarketers.net/corsi/copymastery/
Luca Giusti;Corsi Opzioni+Futures (Short Strangle e Difesa Meccanica);https://www.qtlab.ch/index.php/corsi-in-partenza1/5-opzioni-futures
Gennaro Romagnoli;Dall Ansia alla Felicita;https://online.sviluppopersonalescientifico.com/ansia-sp/
Marco Lutzu;Deep Dan Pack;https://drlutz.com/marco-lutzu-racconta/
Filippo Angeloni;DeFI - Liberi dal Lavoro;https://www.liberidalavoro.it/public/course/108/?ref=12820
Nicholas Bianconi;Domination Strategy by OBP;https://nicholas-bianconi.teachable.com/p/domination-strategy-by-obp
Luca Valori;Dropshipping Elite Class;https://dropshippingeliteclass.com/
Samuele Ferrari;Dropshipping Keys 2.0;https://www.dropshippingkeys.com/
Luca Datteo;Duplicazione digitale;https://go.networkerdigitale.com/duplicazione-digitale/
Ludo Apollonio;Ecom academy;https://ecomacademy.it/
Emalloru;Editing Masters;https://www.editing-masters.com/
MoneySurfers;Ethical Trading Academy;https://www.moneysurfers.com/ethical-trading-academy-c30.php
Marco Lutzu;Facebook Fight;https://drlutz.com/sl-facebook-fight/
Big Luca;Fiscalita Internazionale per Online Marketers;https://biglucainternational.com/
Leone Trading;Forex Trading dalla A alla Z;https://leonetrading.com/courses/forex-trading-dalla-a-alla-z/
Filippo Ongaro;Forza Vitale;https://www.metodo-ongaro.com/video-corso-forza-vitale
Mik Cosentino;Freedom Formula X;https://mikcosentino.com/programmi-formativi/freedom-formula/
Daniele Castro;Freelancity;https://www.freelancity.co/
Ayoub Habcy;Fruitful Agency;http://www.fruitfulagency.it/
Michele Tampieri;Funnel GO;https://funnelgo.it/
Dario Vignali;Funnel Secrets;https://www.dariovignali.net/funnel/
Michele Tampieri;FunnelPro;https://funnelpro.it/home
Bruno Moltrasio;Futures Trading ( Base + Avanzato);https://www.brunomoltrasio.eu/futures-trading/
Dario Vignali;Google Advanced - Marketers;https://wearemarketers.net/corsi/google-advanced/
Ninja Marketing;Growth Hacking & Performance Marketing;https://www.ninjacademy.it/corso-growth-hacking-marketing-online/
Big Luca;Guerra Psicologica;https://bigluca.it/business-online/guerra-psicologica-farsi-pagare-1000-euro-all-ora/
Matteo Malvino;Guru Formula;https://corsi.mybrandlab.io/guru-formula
HeklaMoney;HEKLA TRADING 3.0;https://heklamoney.com/
Ignazio Munzu;Book Business Formula;https://ignazio.mykajabi.com/bookbusinessformula
Roberto Maria Vadala;Immagine Vincente;https://www.vmr-consulting.com/
Roy Reale;ImpattoReale 5;https://impattoreale.com/
Big Luca;Infobusiness per Opportunisti;https://bigluca.it
Mik Cosentino;INFOMARKETING x;https://mikcosentino.com/programmi-formativi/infomarketing-lifestyle/
Dario Vignali;Instadvanced;https://wearemarketers.net/corsi/
Luca Valori;InstaHacks;https://instahacksvalori.com/sales-page
Roberto Mazzanti;LaBaiaDelSEO;https://www.seobastardo.it/
Roberto Re;Leadership University Online;https://robertore.com/leadership-university-2/
Luca Lixi;Lixi strategy;https://www.lixistrategy.com/corso
Dan Kennedy;Magnetic Email Marketing;https://magneticmarketing.com/
Marco Lutzu;Magnetic Email Marketing di Dan Kennedy;https://marcolutzu.com/qm-sl-fb-mk2/
Marco Lutzu;Copy Academy;https://drlutz.com/
Bigluca;Marketing to the Affluent 2.0;https://www.protocollokennedy.com/
Paolo Serafini ;MARSIGLIESE;https://lamarsigliese.net/
Ninjacademy ;Master in Digital Marketing;https://www.ninjacademy.it/
Insideracademy;Master in Trading Stagionale;https://www.insideracademy.it/
Monica Pena;Masterclass Impara l'Inglese con Monica ;https://theenglishacademy.mykajabi.com/store/mXtzLnAB
Alessandro Zamboni;Masterclass Videocorsi;https://alessandrozamboni.it/masterclassvideocorsi
ItaloDigitali;Metodo Step Academy;https://www.italodigitali.com/
Giuseppe Moriello;Metodo Universitario;https://app.metodouniversitario.it/optin-blog-mo-a-2
Thomas Macorig;MILLION ECOM PROJECT;https://millionaireecomproject.com/
Charlie Fantechi;Miracle Mind 5;https://miraclemind.it/
Matteo Santiloni;Monster Marketing;https://www.upsellingstrategy.it/monstermarketing/
Matteo Malvino;My Brand Lab Master;https://www.mybrandlab.io/master-2
Emanuele Bonanni;My Trading Way;https://www.mytradingway.it/
Ninjabet;Trading Sportivo;https://www.ninjabet.it/trading-sportivo-come-guadagnare-online
Big Luca;Online Marketing per Mentecatti;https://www.onlinemarketingpermentecatti.com/
Bigluca;Opportunity Concepts;https://www.protocollokennedy.com/
Luca Mazzucchelli;Padroni del Tempo;https://store.psicologo-milano.it/padroni-del-tempo-gruppo-gratuito
Andrea Biancolli;Pagabiancolli;https://pagabiancolli.podia.com/pagabiancolli
Ignazio Munzu;Personal Brand Formula;https://ignazio.mykajabi.com/personalbrandformula
Roberto Re;PNL REvolution;https://robertore.com/pnl-revolution-offerta
Big luca;Pregiudizio;https://www.protocollokennedy.com/
Bosca Nicu;Prometheus Action;https://prometheusforexacademy.com/
Big luca;Protocollo Kennedy;https://www.protocollokennedy.com/
Davide Mazzotta;Rambo Affiliate Machine;https://antoninogagliano.com/prodotto/rambo-affiliate-machine-davide-mazzotta/
Big Luca;La Realta Non Esiste;https://biglucainternational.com/riccione1/
Filippo Martin;ROIMartin;https://roimartin.com/
Luca Camossi;Scommettitore Vincente;https://lucacamossi-corso.com/scommettitore-vincente/
Roberto Cere;Se Vuoi Puoi;https://www.sevuoipuoi.it/
Buz Trading;Seasonal Spread Strategici;https://frabuzzi.clickfunnels.com/seasonal-spread-strategici
Liberi dal Lavoro;Secret Bonus;https://www.liberidallavoro.org/
Silvio Scozzafava;Self Publishing Autopilot Masterclass silvio;https://www.selfpublishingautopilot.com/sales-page-443282351605863556876
Tyie;Self Publishing Hacks;https://www.fictionpublishinghacks.it/
Emanuele Callori;Shark Academy;http://www.sharkacademy.com/
Gio Di Lorenzo;Social King;https://www.seduzioneattrazione.com/op/social-king-sp-stop/
Piernicola De Maria ;Solo i Migliori;https://simpness.com/
Fabrizio Salvati;Speedy Brain Amazon FBA;https://speedy-brain-business-school.teachable.com/p/fabrizio-salvati
Fabrizio Salvati;Speedy Brain Amazon Self Publishing;https://speedy-brain-business-school.teachable.com/p/speedy-brain-amazon-self-publishing
NetworkerDigitale;Sponsorizzazione Rapida;https://go.networkerdigitale.com/sponsorizzazione-rapida/
Alessandro Moretti;Strategia MorAle Avanzato 2.0;https://www.segnaliditrading.net/it/corso-trading-morale/
Efficacemente;Studia meno Studia meglio Sm2;https://www.efficacemente.com/imparare-a-studiare/
Mik Cosentino;Super Selling x;https://www.infomarketingx.com/blog
Thomas Macorig;Etsy Per Tutti;https://etsypertutti.com
Big Luca;Protocollo Evolutivo;https://www.protocolloevolutivo.com/lancio
Big Luca;Protocollo Di Lancio;https://www.protocollodilancio.com/
Francesca Rizzo;Accadetici;https://www.facebook.com/FrancescaRizzoAcademy/
Andrea Uger;Portoflio secrets;https://ungeracademy.com/it/
Chantal Sala; Mql academy; https://forexmql.it/corso-mql/
Thomas Macorig; Etsy Per Tutti; https://etsypertutti.com/
Matteo Palanca; DROPSHIPPING PURO; https://www.dropshippingpuro.com/sales-page
Luca Valori; Summer Traning Advanced; https://ecomedizionespeciale.com/optin16132211243111620727437910
Liberi dal Lavoro; Secret Bonus 3.0; https://www.liberidalavoro.it/public/course/1/?ref=1002
Max Vellucci;Il mentalista;http://www.maxvellucci.it/mentalista/
Frank Merenda;ClientiKit; https://clientikit.com/
Dario Vignali;AffiloBook;https://www.dariovignali.net/corsi/
Frank Merenda; Marketing Evil; https://frankmerenda.com/marketing-evil/
Mik Cosentino; InfomarketingX; https://www.infomarketingx.com/
Frank Merenda; Blog Vendita; https://corso.blogvendita.com/
DannyZ; Neurobooster; https://www.neurobooster.net/pagina-ordine/
Cashback Academy; Starter Digital; https://digital-cashback-academy.teachable.com/p/digital-cashback-academy
Frank Merenda; Copy vendita; http://www.copyvendita.com/corso-copyvendita/
Alvaro Martinez; Dropshipping Incubator; https://lab.gcle.it/courses/dropshipping-incubator
Roberto Re; Master Speaker; https://robertore.com/prodotto/master-speaker/
Alessandro De Concini; Sistema ADC; https://www.alessandrodeconcini.com/sistema-adc
Amato Sabatini; Tennis Accumulatore; https://supervantaggio.com/l/tennis-accumulatore/
Mirko Sabia; Business Box Italia; https:////www.bboxitalia.com/home
Luca Valori ; Summer Traning Advanced ; https://ecomedizionespeciale.com/
Frank Merenda ; Spremere i limoni ; https://spremereilimoni.com/
Roberto Cerè ; Diventare Coach ; https://www.micap.academy/
Giacomo Bruno ; Seduzione Ipnotica ; https://www.autostima.net/webinar-sistema-seduzioneipnotica-platinum-giacomo-bruno/
Marco Montemagno ; Social Playbook ; https://upacademy.eu/accademie/1
Denise Dellagiacoma ; Yoga Academy ; https://academy.denisedellagiacoma.com/
Italo Pentimalli ; Programmazione Subliminale Quantica ; http://www.personechepossono.com/programmazione-subliminale-quantica/
David Adriani ; Photography Warrior ; https://www.diventaunfotografo.com/pwcc/
Alessandro De Concini ; Studente Strategico ; https://www.alessandrodeconcini.com/studentestrategico
Alberto Frisoni ; Duplication Operating System ; https://frisoninside.net/dos-duplication-operating-system1585239141150
Andrea Carosi ; Corso scalping ; http://www.readytoforex.com/videocorso-forex-scalping-non-direzionale
Frank Merenda ; Vendere con i video ; https://metodomerenda.com/vendere-con-i-video/
Investire.biz ; Investire nel Bitcoin; https://investire.biz/corsi/investire-nel-bitcoin
Daniele D’Ausilio ; Tubo Traffico Esplosivo ; https://www.guideitalianepertutti.it/negozio/tubo-traffico-esplosivo/
Filippo Ongaro ; Nutrizione Potenziativa ; https://www.metodo-ongaro.com/blog/la-nutrizione-potenziativa-microcarenze
Mik Cosentino ; Codice Di Lancio ; https://www.codicedilancio.com/
Luca Lixi ; Massima Rendita ; https://www.massimarendita.com/accedi
Giorgio Pecorari ; Investimento consapevole; https://www.pianofinanziario.it/investimentoconsapevole
Imperium Blueface ; Vincere alla Roulette; https://www.rouletteonline.it/
Stefano Dambrosio ; Prendo il controllo ; https://prendoilcontrollo.com/
Francesco Testa ; Wolf Agency Academy ; https://testafrancesco.com/
Christian Messinese ; Smma System ; https://www.cristianmessinese.com/
Lorenzo Ait ; Liquid Business Formula ; https://quanticobusinessschool.com/sprint/10/business-liquido
Michele Tampieri ; Funnel Formula Live ; https://funnelmarketinglive.com/
Ottavio Alvarez ; Sales good ; https://www.alvarezsrl.it/
Frank Merenda ; Circolo degli Imprenditori ; https://circolodeglimprenditoriplatinum.com/
Thomas Macorig ; Smart Selling Revolution ; https://sellingmanipulation.com/
Alessandro Moretti ; Strategia MorAle Avanzato 2.0 ; https://www.segnaliditrading.net/it/corso-avanzato/
Roberto la Bella ; Programmazione mql ; https://www.besttradingidea.com/programmazione-mql4/
Gio di Lorenzo ; Social king ; https://www.seduzioneattrazione.com/op/social-king-sp/
Alessio Modonesi; SoldinCase; https://www.soldincase.it/cosesoldincase/
Big Luca; Growth Summit; https://biglucainternational.com/big-luca/
Metodo Universitario; Metodo Club; https://app.metodouniversitario.it/sales-ufficiale-e7g-m-4
Alessandro De Concini;Mnemonica;https://www.artediricordare.it/
Metodo universitario; Lingua facile; https://corsi.metodouniversitario.it/p/metodo-universitario-3-01
Frank Merenda; Re dei Referral; https://redeireferral.com/
Peppe Quartulli; Majin Copy; https://www.zmarketingworld.it/majincopy-sales-page/#lg-kh99e6no
Andrea Unger; Come affrontare i mercati coi trading system; https://ungeracademy.com/it/
Liberi Dal Lavoro; 1000 Modi per fare soldi con le crypto; https://www.liberidalavoro.it/public/course/42/
Luca La Mesa; Social Media Training; https://lucalamesa.mykajabi.com/social-media-training-di-luca-la-mesa-stagioni
Andrea Unger; MULTICHARTS; https://ungeracademy.com/it/blog/metatrader-o-multicharts
Mik Cosentino;Codice Di Lancio; https://www.codicedilancio.com
David Adriani; Photography Warrior; https://www.diventaunfotografo.com/pwcc/
Big Luca; Hackeraggio Mentale; https://www.hackeraggiomentale.com/
Gio di Lorenzo; Dio degli Orgasmi; https://go.diodelsesso.net/dio-degli-orgasmi-sp/
Liberi dal Lavoro; Multi-Bonus Evolution; https://www.liberidalavoro.it/public/course/59
Sapienza Finanziaria; Trader con Strategyquant; https://www.sapienzafinanziaria.com/
Tyie; Self Publishing Advanced Masterclass; https://tyie.it/
Gennaro Romagnoli; Dall’Ansia alla Serenità; https://online.sviluppopersonalescientifico.com/ansia-sp/
Gianluigi Ballarani; Millionaire Com Club; https://billionairecomclub.creators.academy/
Giorgio Pecorari; GP Invest Academy; https://www.pianofinanziario.it/
Filippo Angeloni; Tasse VS BitCoin; https://filippoangeloni.com/come-non-pagare-tasse-su-bitcoin-corso-angeloni/
Gabriel St. Germain; Ecom Blueprint; https://course.ecomblueprint.net/
Frank Merenda; Magic Marketing; https://marketingmerenda.com/
Filippo Martin; ROI Martin; https://roimartin.com/
Fratelli Chinellato; Accademia del rinascimento; https://www.rinascimentohandmade.com/
Mik Cosentino; Infomarketing Lifestyle; https://www.infomarketingx.com/
Brian Tracy; Online Masterclass; https://briantracy.hiperformance.it/masterclass-online/
Roberto Re; Master Speaker; https://robertore.com/prodotto/master-speaker/
Lexito; Dropshipping Senza Limiti; https://www.instagram.com/lexlexito/
William Gutierrez; Immobiliarista; https://www.williamgutierrez.it/pagina-di-registrazione
Adsvengers; Power Cbo; https://powercbo.com/
Freelancity; Freelancity; https://www.facebook.com/freelancity/
Thomas Macorig; Dropsending Blueprint; https://dropsendingblueprint.com/salesdropsending
Alfio Bardolla; Master Online in Marketing Formativo; https://go.alfiobardolla.com/marketing-formativo/masterclass/sales-page/
Ayoub Habcy; SEED; https://www.programmaseed.it/
Andrea Biancolli; #PAGABIANCOLLI ; https://www.visionariselfpublishing.it/
Chinooky.com; MVP Trader; https://chinooky.com/prodotto/mvp-trader/
Ludovico Cianchetta Vazquez; Room Academy; https://bnbacademy.it/
Andrea Acconcia; Risveglio; https://app.andreaacconcia.it/risveglio1
Ben Barker; BsappsFX; https://bsappsfx.com/
motivazione.guru; Onlyone Officina del Successo; https://www.officinadelsuccesso.com/downloads/motivazione-guru/
Andrea Marchetti; Next Level Web DEV; https://marchettidesignshop.com/next-level-web-dev/
Ready To Forex; Academy Del Forex; https://fun.readytoforex.com/otw-academy
Syrus Forex Academy; Il Movimento del prezzo; https://www.syrusforexacademy.com/p/il-movimento-del-prezzo
ETP Earn The Profit; The Swiss Sniper; https://www.instagram.com/etp_fx/
Alfio Bardolla; Master Online In Investimenti Immobiliari; https://go.alfiobardolla.com/ar/master-online/investimenti-immobiliari/
Frank Merenda; The Secret Box; https://circolodeglimprenditori.com/
Leone Trading; Forex Trading dalla A alla Z; https://leonetrading.com/courses/forex-trading-dalla-a-alla-z/
Ultimate Access Formula; PEPITE DIGITALI; https://pepitedigitali.com/sales-page1623268460414
Frank Maggiorino; MCA Consulting; https://www.instagram.com/frankmaggiorino/
PlayLover Academy; Da Lombrico a Baby PlayLover; https://dalombricoababyplaylover.it/bpl-ret/
Ignazio Munzu; 1K al mese Advanced; https://ignaziomunzu.com/casostudio1kmese#section--75466
DeepSEO ; DeepSEO ; https://deepseo.it
LUCA VALORI; ADS MASTER; https://lucavalori.com/corsi/
MoneySurfers; Dividends Pro; https://landing.moneysurfers.com/dividends-pro-2021#scroll-OFFERTA
Big Luca; Perle ai Porci; https://www.perleaiporci.com/moneyedition
Massimo De Gregorio; Rendite Strategiche in Opzioni; https://www.insideracademy.it/risorsepercorsi
Luca Valori; TikTok Master; https://advancedtokmaster.com/sales-master
Mik Cosentino; Heroes Mastermind; https://mikcosentino.com/programmi-formativi/heroes-mastermind/
Big Luca ; Perle ai Porci Mindset Edition; https://www.perleaiporci.com/mindset-edition
Frank Merenda; Autorità Assoluta; https://autoritassoluta.com/
Frank Merenda; Caccia al Tesoro Fiscale; https://caccialtesorofiscale.com/
Frank Merenda; Fantastic Funnel; https://corsofantasticfunnel.com/
Frank Merenda; MARKETING MERENDA 2021; https://corsomarketingmerenda.com/
Frank Merenda; VendiTORI; https://corsovenditori.com/
Frank Merenda; ScriVenda; https://corsoscrivenda.com/
Gianluca Vacchi; Entra in Casa Mia; https://secrets.gianlucavacchi.com/it/
Riccardo Picotti; Kaffè Con HeyRiccardo; https://thebibleofdropshipping.com/riccardo-picotti
Jonathan Giammo; Trading Pro Academy; https://www.tradingpro.academy/
Ivan Merene; CREA CORSO PRO; https://creacorsopro.it/
Liberi dal Lavoro; Bonus Sicuro PLUS; https://www.liberidalavoro.it/public/index2/?ref=174
Ioinvesto; Investitore Consapevole; https://www.ioinvesto.com/it/investitore-consapevole/
Emalloru; Editing Masters; https://www.editing-masters.com/
Roberto Re; Credi in te stesso; https://robertore.com/prodotto/credi-in-te-stesso/
eLearnSecurity; Penetration Testing Student v3; https://elearnsecurity.com/
Chantal Sala; Mql academy; https://forexmql.it/corso-mql/
Joe Dispenza; Ridisegna il tuo destino; https://www.drjoedispenza.it/
Frank Merenda; ClientiKit; https://clientikit.com/
Marco Venturini; Tecniche di Vendita Moderne; https://www.marcoventurini.org/vendita/
Roberto Cere; Se vuoi puoi;https://drcere.com/libri/se-vuoi-puoi-il-libro/
Marco Montemagno; Social Playbook; https://upacademy.eu/accademie/1
Giacomo Bruno; Gestione dello Stress; https://www.ilgiardinodeilibri.it/dvd-video/__gestione_stress_dvd.php
Luca Valori; SUMMER ADVANCED TRAINING; https://ecomedizionespeciale.com
Pietro Campagna; Downline magnetica; https://pietrocampagna.net/
Robert Dilts; L’Arte del Carisma; https://www.ilgiardinodeilibri.it/dvd-video/__l-arte-del-carisma-videocorso-in-4-dvd.php
Andrea Favaretto;Strategie Interne;https://www.cam.tv/camtvofficial/blog/quot-strategie-interne-quot-il-corso-del-coach-andrea/PID18B0DB
Project Verum; Ecom Foundations; https://projectverum.org/
Andrea Carosi;Scalping NON Direzionale;http://www.readytoforex.com/videocorso-forex-scalping-non-direzionale
Tradingduepuntozero;Sviluppo EA First Kiss;https://tradingduepuntozero.com/ea-first-kiss/
Big Luca; La Truffa di BIG LUCA; http://www.ilcorrierebigluchiano.com/
Stefano Fanton;Lo Zen e la Via del Trader Samurai; https://www.amazon.it/Zen-Via-del-Trader-Samurai-ebook/dp/B00TP07WO8
Jordan Platten; The Affluent Academy; https://www.affluent.co/academy
Thomas Macorig; La Bibbia Dell’Ecommerce; https://bibbiaecommerce.com/salez
Luca Giusti; The Option Edge; https://www.qtlab.it/p/the-options-edge-1
Chinooky; MVP TRADER; https://www.pugnodimosche.com/offerta50759307
Matteo Malvino; Brand Backstage: la serie; https://corsi.mybrandlab.io/8d176ba7-c3b8-4738-82a5-bec67a775710
MoneySurfers; Ethical ETF; https://landing.moneysurfers.com/ethical-etf-web
GIUSEPPE CARAVIELLO; COD system; https://www.cashondeliverysystem.com/sales
Roy Martina; Omega Healing; https://www.omegahealing.com/
eLearnSecurity; Penetration Testing Professional; https://elearnsecurity.com/
eLearnSecurity; Certified eXploit Developer; https://elearnsecurity.com/product/ecxd-certification/
Tiziano Cagalli; Vanilla Options; https://www.corsi-trading.it/23-trader/80-tiziano-cagalli.html
Liberi Dal Lavoro; Convinci il Nonno; https://www.liberidalavoro.it/public/course/143/
Liberi Dal Lavoro; Professione COLPO SICURO; https://www.liberidalavoro.it/public/course/117/
eLearnSecurity ; Certified Digital Forensics Professional; https://elearnsecurity.com/product/ecdfp-certification/
Frank Merenda; La Guerra delle Vendite; https://metodomerenda.com/venditore-vincente-offerta-studenti-veterani/
Maurizio Mazziero; Trading con le Materie Prime; https://www.qtlab.it/p/trading-con-le-materie-prime/?product_id=2350130
Italo Cillo; Scopri i tuoi Talenti e trasformali in Ricchezza; https://www.cam.tv/academy/COURSE_00005
Charlie Fantechi; Programmazione mentale ipnotica per attrarre ricchezza e prosperità; https://www.corsi.it/corso/programmazione-mentale-ipnotica-attrarre-ricchezza-prosperita
BIG LUCA; Vendita Telefonica d’Assalto; https://www.protocollocibernetico.com/new-sales-for-all1633965820926
Big Luca ; Perle ai Porci – Business edition; https://www.perleaiporci.com/sales-business-edition1
Marco Lutzu; Direct Response School; https://drlutz.com/direct-response-school/
Marketers; Positioning Live; https://wearemarketers.net/positioning/
Luca Giusti; The Options Edge; https://www.qtlab.it/p/the-options-edge-1
Italo Cillo; Cerchia Ristretta; https://www.cerchiaristretta.it/
Cristian Sannino; Affiliate Intensive; https://www.youtube.com/channel/UCSgqVxpZf67kgtJLcgiNSoQ
Joe Di Siena; List Shark; https://listshark.net
Frank Merenda; crash cashflow; https://crashcashflow.com/
Bob Proctor; Living The Legacy; https://livingthelegacy.shop/
Frank Merenda; Caccia al TESORO FISCALE; https://caccialtesorofiscale.com/
Liberi Dal Lavoro; Autostrada per Secret BONUS; https://www.liberidalavoro.it/public/course/160/
Roberto Re; Public Speaking; https://hrdbusinesscorporatetraining.com/corsi/public-speaking/
Attify Store; Offensive IoT Exploitation; https://corsipiratamario.co/product/attify-store-offensive-iot-exploitation/
Gianluca Liguori; Persuasystem; https://unaltro-mondo.com/optin1630096168603
Filippo Ongaro; Forza Vitale; https://www.metodo-ongaro.com/video-corso-forza-vitale#prezzo-speciale
Scuola ecommerce; Shopify Power Training; https://www.scuolaecommerce.com/
Tiziano Cagalli; Vanilla Options; https://www.corsi-trading.it/23-trader/80-tiziano-cagalli.html
Dr. Joe Dispenza ; Ridisegna il Tuo Destino ; https://www.drjoedispenza.it/
Liberi Dal Lavoro ; Prendi i Soldi e Scappa; https://www.liberidalavoro.it/public/course/127/
Liberi Dal Lavoro ; Bonus Sicuro PLUS; https://www.liberidalavoro.it/public/index2/?ref=174
Frank Merenda ; KICKOFF; https://kickoffcdi.com/
Liberi Dal Lavoro ; 1000 Modi per fare Soldi con le Crypto; https://www.liberidalavoro.it/public/course/42/
Pentester Academy ; Attacking and Defending Active Directory; https://www.pentesteracademy.com/course?id=47
eLearnSecurity ; eJPT Junior Penetration Tester; https://elearnsecurity.com/product/ejpt-certification/
Dan Kennedy ; 10x Personal Development; https://brainlearns.com/courses/dan-kennedy-10x-personal-development/
eLearnSecurity ; eWPT Web application Penetration Tester ; https://elearnsecurity.com/product/ewpt-certification/
Big Luca ; Rana Nera Club Novembre; https://www.rananera.com
Massimo De Gregorio ;  Rendite Strategiche in Opzioni; https://www.insideracademy.it/risorsepercorsi
Liberi Dal Lavoro ; Aspiranti Personal Trainer; https://www.liberidalavoro.it/public/course/195
Liberi Dal Lavoro ; Liberi Dall’Italia; https://www.liberidalavoro.it/public/course/133/
Liberi Dal Lavoro ; Cash Publishing ; https://www.liberidalavoro.it/public/course/190/
Liberi Dal Lavoro ; Professione TIPSTER ; https://www.liberidalavoro.it/public/course/154/
Liberi Dal Lavoro ; Community Management ; https://www.liberidalavoro.it/public/course/162
Liberi Dal Lavoro ; 3Ding Vincente ; https://www.liberidalavoro.it/public/course/146/
Liberi Dal Lavoro ; Il Club Dei 10K ; https://www.liberidalavoro.it/public/course/178/
Offensive Security ; WEB 300 ; https://www.offensive-security.com/awae-oswe/
Offensive Security ; PEN 300 ; https://www.offensive-security.com/pen300-osep/
Offensive Security ; PEN 200 ; https://www.offensive-security.com/pwk-oscp/
Liberi Dal Lavoro; Mister X; https://www.liberidalavoro.it/reservedArea/purchase/course/25
Liberi Dal Lavoro; Bonus Imposibile; https://www.liberidalavoro.it/reservedArea/purchase/course/199
Liberi Dal Lavoro; Multi Bonus Evolution; https://www.liberidalavoro.it/public/course/142
Liberi Dal Lavoro; FairBot dalla A alla Z; https://www.liberidalavoro.it/public/course/18
Liberi Dal Lavoro; Trading Automatico con FairBot; https://www.liberidalavoro.it/public/course/19
Liberi Dal Lavoro; Scam Sicuro; https://www.liberidalavoro.it/public/course/188
Liberi Dal Lavoro; La Magia degli Indicatori e Degli Oscillatori; https://www.liberidalavoro.it/public/course/53
Liberi Dal Lavoro; Just Forex; https://www.liberidalavoro.it/public/course/69/?ref=12173
Liberi Dal Lavoro; Crea la Tua Realtà; https://www.liberidalavoro.it/public/course/86
Liberi Dal Lavoro; Soldi al SICURO; https://www.liberidalavoro.it/public/course/122
Liberi Dal Lavoro; Liberi Dalle Banche; https://www.liberidalavoro.it/public/course/184
Liberi Dal Lavoro; Crypto al Sicuro; https://www.liberidalavoro.it/public/course/156
Liberi Dal Lavoro; Persuasione e Seduzione; https://www.liberidalavoro.it/public/course/44
Liberi Dal Lavoro; I segreti della profilazione; https://www.liberidalavoro.it/public/course/191
Liberi Dal Lavoro; Crypto al Sicuro; https://www.liberidalavoro.it/public/course/156
Liberi Dal Lavoro; Soldi al SICURO; https://www.liberidalavoro.it/public/course/122
Charlie Fantechi ; Ipnosi per Vendere ; https://www.ilgiardinodeilibri.it/dvd-video/__ipnosi-per-vendere-videocorso-in-dvd.php
Fabio Ghio; Operazione Immobiliare PRO; https://www.investimentilab.it/prodotto/operazione-immobiliare-pro/
Ivo Avidhold; Altcoin Academy; https://altcoinacademy.it/
MoneySurfers; Crypto Pro; https://corsi.moneysurfers.com/crypto-pro/
Andrea Giuliodori; Protocollo CHANGE; https://abitudini.efficacemente.com/pc-iscrizione
Andrea Giuliodori; Crea Energia; https://energia.efficacemente.com/ce-iscrizioni-chiuse
Filippo Ongaro; Supera la fatica; https://www.metodo-ongaro.com/video-corso-supera-la-fatica-2021#prezzo-speciale
affiliat expo; Affiliate Week 2020; https://affiliateweek.it/
affiliat expo; Affiliate Week 2021; https://affiliateweek.it/
affiliat expo; Affiliate Week 2019; https://affiliateweek.it/
Roberto Maria Vadalà; Game Over; https://vmr.clickfunnels.com/game-over39209960
Marcello Marchese; 7 Template del Cappellaio Matto; https://corsi.marcellomarchese.it/courses/7-template-del-cappellaio/
Piernicola De Maria; Solo i Migliori; https://imprendilife.com/solo-i-migliori/
Andrea Giuliodori; Fattore T; https://tenacia.efficacemente.com/ft-iscrizione
Alfio Bardolla; Wake Up Call 2021; https://go.alfiobardolla.com/wake-up-call-livestream/
Matteo Mangili; Facebook Freelance; https://matteomangili.it/facebook-freelance/
Gio Di Lorenzo; Distruggi L’ansia D’approccio; https://www.seduzioneattrazione.com/op/distruggi-lansia-dapproccio-sp/
approcciala ; Conversazione Magnetica; https://www.approcciala.it/sales-page-501661991628773510523
BigLuca ; Perle ai Porci Consulenza Edition ; https://www.perleaiporci.com/sales-consulenza-edition1635510497616
Roberto Maria Vadala ; GAME OVER; http://vmr.clickfunnels.com/game-over39209960
Roberto Maria Vadala ; Keywords Research Machine ; http://vmr.clickfunnels.com/keywords-research-machine44514187
Filippo Ongaro; Potenzia la tua salute; https://www.metodo-ongaro.com/blog/video-potenziamento-salute
Andrea Grassi; Il Nuovo Sistema AC3F; https://ekis.clickfunnels.com/ac3f-gen-aff
Cecilia Sardeo; Digital Revolution Kit; https://biz-academy.it/digital-revolution-kit-k2/
Andrea Grassi; Copywriting Neurale; https://ekis.clickfunnels.com/copywriting-neural-corso-aff
Cecilia Sardeo; Copy Workshop; https://biz-academy.it/corso-copywriting-online/
Gabriel Palacios; Il Potere Dell’Ipnosi; https://www.gabrielpalaciositalia.com/offer
Ivo Avidhold ; NFT ACADEMY; https://nftacademy.it/
Big Luca;Evento Ora Basta; https://www.orabastaevento.com/chiuso50639209
Digital Coach;All Specialist Certification;https://www.digital-coach.it/all-specialist-certification/
Big Luca; Offertona di Natale; https://www.offertonadinatale.com/sales-page163886688180912
Big Luca; Perle ai Porci Consulenza Edition; https://www.perleaiporci.com/sales-consulenza-edition1635510497616
Luca Valori; 0 to Blockchain; https://corsipiratati.com/prodotto/0-to-blockchain-luca-valori/
Christian Pozza; Il Protocollo Operativo; https://corsipiratati.com/prodotto/il-protocollo-operativo-christian-pozza/
Roberto Maria Vadala; Obiettivo Nel Mirino; https://www.vmr-consulting.com/
Marco Billiani; Chiave Immobiliare; https://chiaveimmobiliare.com/#offerta[1-copy-copy
Cryptogeeks; CRYPTO MASTER; https://www.cryptogeeks.it/cryptomaster
Roberto Maria Vadala; Paradigma dell’Imprenditore; https://www.vmr-consulting.com/store
Dario Vignali; Business Genetics 2022; https://corso.getbusinessgenetics.com/
Arianna Cavina; Instagram Pills Academy; https://www.ariannacavina.org/instagram-pills-academy/
Andrey Santin; To the Moon; https://andreysantinacademy.com/products/to-the-moon
Andrey Santin; One Million; https://andreysantinacademy.com/products/one-million
kirsocial; VIRALI + DI UN VIRUS; https://www.kirsocial.it/courses/virali-piu-di-un-virus
Big Luca; Crypto In Cascina; https://www.cryptoincascina.com/sales52701583
Jonathan Giammo; Wall Street per Cecchini; https://wallstreetpercecchini.com/optin1631743348839
Liberi Dal Lavoro; Corso Extra Money; https://www.liberidalavoro.it/public/course/3/
Liberi Dal Lavoro; I Migliori modi per fare SOLDI con le Crypto; https://www.liberidalavoro.it/public/course/204/
Liberi Dal Lavoro; Sicurezza Informatica; https://www.liberidalavoro.it/public/course/57/
Liberi Dal Lavoro; Sport In Crypto; https://www.liberidalavoro.it/public/course/66/
Marco Cappelli; NFT Italian Club; https://nftitalianclub.com/sales-letter-nft-italia-club1643109095534
Marco Cappelli; DrAPPselling Digitale; https://www.marcocappelliagency.com/drappselling-digitale/
Studio Samo; 100 corsi di digital marketing; https://pro.studiosamo.it/
Andrey Santin; To the moon; https://andreysantinacademy.com/products/to-the-moon
Alex Cozzolino; Metodo A.R.M.S.; https://ariesmedia.it/aries-media-marketing-letter-metodo-arms/
Mik Cosentino; Aria Fritta; ttps://www.vendereariafritta.com/ti-presento-come-vendere-aria-fritta-online
Alfio Bardolla; Forex Trading Masterclass; https://go.alfiobardolla.com/forex-trading/masterclass/thank-you/guarda-ora/
SEO MBA; Professional Tier; https://seomba.com/executive-presence/#pricing
Luca Valori; Tube Automation Advanced; https://tubeautomationadvanced.com/chiedi-accesso
Serghey Magala; Lo Zar Del Trading; https://sergheymagala.net/
Max Mereghetti; Crypto Commando; https://www.cryptocommando.io/
Dario Vignali; Instarebels; https://wearemarketers.net/corsi/insta-rebels/
Gaetano Alessandro; Real Trading Group; https://real-trading-group-uk.com/il-corso/
Big Luca;Povero Ma Dignitoso;https://www.poveromadignitoso.com/landing
Big Luca;LA CRICCA DEL PAPI;https://www.lacriccadelpapi.com/
Michele Taverna;Protocollo ETSY Advanced;http://www.protocolloetsy.com/protocolloetsy
Maxx Mereghetti;Club Elite;https://clubelite.codicemaxx.com/
BIG LUCA;Ritorno Al Profitto;https://www.biglucaint.com/sales-page-540410661649347860440
Play Lover Academy;PlayLover Vip Club;https://playlovervipclub.it/
Bachir El Haddad;La religione dei Ricchi;https://www.bachirelhaddad.com/
Bachir EL Haddad;Facebook Revelations;https://www.bachirelhaddad.com/digital/facebook-revelations/
BACHIR EL HADDAD;Cold Call del Messia;https://www.bachirelhaddad.com/digital/case-study-in-live-cold-call-del-messia/
Bachir El Haddad;PACK;http://bachirelhaddad.com/
